,0
0,Mike! What the hell are you doing?
1,"It's called driving, Marcus."
2,Slow down.
3,What? Four minutes?
4,Speed up.
5,"Oh, so you want me to speed upand slow down at the same time?"
6,Moving southbound on Collins.
7,Fast approaching 22 Street.
8,<i>Copy that.
9,Air support has a visual.</i>
10,Mike!
11,I'm about to throw up.
12,"Oh, you bett... The hell not."
13,That is hand-stitched leather.
14,You better drink it.
15,<i>I'm blocking off 6th Street now.</i>
16,"That was your turn, Mike!"
17,"Damn it! Look, you are the navigator, okay?"
18,That's why you're sitting in that seat.
19,And where are your glasses?
20,You need to put your glasses on.
21,- I don't need glasses.
22,"- Marcus, you can't see shit."
23,"Oh, sh... Mike. Mike. Mike."
24,- Relax. Relax. Relax!
25,"- Mike. Bus, bus, bus."
26,"Sorry, rich white people."
27,"We're not just black, we're cops too."
28,We'll pull ourselves over later.
29,"Hey, even the Batmobile don't holdthe road like this bitch."
30,Get me the fuck out of this car.
31,- Hey!
32,"- Oh, shit."
33,"Come on, man."
34,- You can get that buffed out.
35,- No. You can get that buffed out.
36,- Miami PD. Make a hole.
37,- Coming through.
38,- Make a hole. Miami PD.
39,- Miami PD.
40,Go! Go!
41,Sorry.
42,Daddy!
43,Joker.
44,You a pop-pop.
45,"- Baby, look at him."
46,- Yeah.
47,No doubt. It's in the eyes.
48,And the ears.
49,And the name.
50,Marcus Miles Burnett.
51,But that's my name.
52,His name too. We decided to name himafter you. It was Reggie's idea.
53,"Thought it would be a very respectfulgesture, sir. I hope you approve."
54,That's cool.
55,But you know you still need to makea honest woman out of my baby girl there.
56,"Uncle Mike,ready to hold the baby?"
57,No. Uncle Mike don't want tocatch that.
58,Okay? That's that shit.
59,"- No, Mike."
60,- Stop.
61,- Look at the baby.
62,- Stop it right now. Seriously.
63,Look at the baby.
64,"Okay, you know what? I'll be outsidewhen you get your shit together."
65,Mike.
66,- The baby.
67,"- Oh, it's okay."
68,"Let's go, ladies."
69,You're useless.
70,Move it!
71,Aretas.
72,Aretas.
73,What the fuck?
74,Stop the ambulance!
75,Mama.
76,My son.
77,Don't be sad for his death.
78,The spirit of your father is freefrom the bars that confined him.
79,This is the last giftfrom Papa before he died.
80,You're a man now. You're finally readyfor what needs to be done.
81,You must bring honorand respect back to our family.
82,Your father hid millionsof dollars before he was locked up.
83,Here are the coordinateswhere you can find them.
84,We'll take back what's ours.
85,"With this money,we can finally get revenge."
86,The people who destroyed our family will knowhow it feels to be hunted.
87,He dies last.
88,"Come here, Marcus."
89,Come here.
90,We're here to celebrateand to raise a glass to one of our own.
91,And I sincerely hope that somedayyour namesake follows in the footstepsof his old-ass grandpato protect and serve our fair city.
92,To Marcus.
93,- To Marcus!
94,- To Marcus!
95,May the name Marcus Burnett strike fear into the heartsand minds of assholes for years to come.
96,Thank y'all.
97,Thank... Thank you all.
98,"Mike and I, we're going on 25 yearsof working these streets."
99,And I like to thinkwe made a difference.
100,You all are the best.
101,And I thank you.
102,It's been a real honor.
103,Marcus!
104,<i>Marcus! Marcus! Marcus!</i>
105,"Daddy buried that cash deep, huh?"
106,"If these are empty,you're still gonna owe."
107,Buried treasure in the ocean.
108,I heard the stories
109,<i>pero coño...</i>
110,Should cover the cost ofthe materials we discussed.
111,And then some.
112,This is what you get to keep.
113,What'd you say?
114,We had a deal.
115,I'm renegotiating.
116,Come here.
117,Look at me.
118,I don't renegotiate.
119,My family's taking backmanagement of this town.
120,We're gonna need some loyal employees.
121,Who wants a job?
122,So how's your dental?
123,Say that again.
124,Stay calm.
125,You give yourselves a raise.
126,You start with that pile right there.
127,Okay?
128,Okay.
129,You work for me now.
130,"Get your people to fall in line, stay outof my fucking way, and I won't kill you."
131,Get this money.
132,Mama.
133,<i>Armando.</i>
134,It's ours.
135,That was fast.
136,<i>We got a new base ofoperations too.</i>
137,"<i>You've spent so much time on the other side,you sound like a gringo.</i>"
138,"I'm done, Mike."
139,"Oh, here we go again."
140,"No, this time it's different."
141,"When I looked into that little baby's eyes,something changed."
142,I want to spend my dayswatching that little boy grow.
143,"Theresa does not want your ass sittingat home, getting fat and breaking shit."
144,"Mike, we got more timebehind us than in front."
145,"It's time to make some changes,for real."
146,You can miss me with that.
147,I'm living my best life.
148,"You're dyeing your goatee, Mike."
149,- What?
150,- You're dyeing your goatee.
151,I am not dyeing my goatee.
152,That's Midnight Cocoa Bean.
153,I recognize that shit.
154,- Go ahead with that shit.
155,- That ain't Midnight Cocoa...?
156,- Go ahead somewhere.
157,- Let me ask you something.
158,You want your legacy to bemuscle shirts and a body count?
159,Don't you know family isall that matters?
160,"Hey, granddaddy!"
161,- Rita.
162,"- Oh, no. Pop-pop."
163,He's going with Pop-pop.
164,- Pop-pop?
165,- Yeah.
166,"Got pics, Pop-pop?"
167,"- Oh, you know I do, right? There you go."
168,- Let's see.
169,"Oh, my God, the ears!"
170,"Yeah, my grandbaby."
171,That's my grandbaby.
172,I love him.
173,"Yeah. And congrats to you,lieutenant."
174,I hear Howard tapped youto head up AMMO.
175,Congrats.
176,What's AMMO?
177,Advanced Miami Metro Operations.
178,A small team trained in new tacticsand investigative methods.
179,Gonna replace us old dogs.
180,Or teach them some new tricks.
181,"For real, Marcus."
182,So happy for you.
183,Thank you.
184,"Hey, guys!"
185,Hey! Everyone's here.
186,How are you?
187,Dumbass.
188,- What?
189,- She is perfect for you.
190,Smart as hell.
191,Confident. Ambitious.
192,She just wasn't the one for me.
193,- All right?
194,- What is for you?
195,Dying all alone and sad as shit?
196,You just jealous.
197,- How long you been married? Twenty years?
198,- Twenty-six.
199,Tell the truth.
200,When's the last time you had sex?
201,- That ain't none of your damn business.
202,- Exactly.
203,How many great womenare you gonna let go?
204,"You get a lot of loving,but have you ever really been in love?"
205,"Of course. I mean, yeah,"
206,I was... I was in love.
207,One time.
208,"A long, long time ago."
209,You never told me.
210,"Nigga, I don't tell youall my business."
211,"Look, all you need to know is that"
212,I'll be running down criminals till I'm 100.
213,You the last brother that needs to be talkingabout running down anyone after the hospital.
214,The hospital? What you talking about?
215,What happened at the hospital?
216,Running to see baby Marcus.
217,I dusted your ass.
218,"You spent that run staringat my one good ass-cheek, Mike."
219,You're saying that you actually outran me?
220,You beat me in a footrace?
221,It's been said.
222,"Oh, hell, no."
223,Nothing sadder than old menrevisiting the past.
224,"Hey, no stretching."
225,Stretching is cheating.
226,"Hey, who you got, Cap?"
227,I got 50 on a torn ACL.
228,I ain't running for free.
229,What's the bet?
230,"I win, we lay it down."
231,We turn in our papers and we retire.
232,"All right, when I win, you stop all thisfoolish retirement talk."
233,We ride this thing tillthe wheels fall off. Bad boys for life.
234,Bad boys ain't really boys anymore.
235,"Hey, Cap, just have the ambo on standby."
236,Old boy gonna need fluids and oxygen.
237,"- That's him, Cap. That's him."
238,- Okay.
239,"On your mark, get set, go!"
240,"- Go, Marcus! You got this!"
241,- Where you at?
242,"- You got this, baby! Breathe!"
243,- Where you at?
244,"Come on, baby!"
245,"Breathe, baby, breathe!"
246,Go!
247,"Where you at, baby?!"
248,Mike!
249,"- Mike. Mike! Oh, shit! Get some help!"
250,- Captain Howard.
251,I got an officer down.
252,"We're on Ocean Drive, 700 block."
253,- Hold on.
254,- Gunshot wound.
255,"- Oh, shit."
256,- What happened?
257,- Just get... Get some help!
258,- Who did this?!
259,- Who the fuck did this?!
260,- The shooter's driving a black motorcycle...
261,Come on. Don't do this.
262,Don't do this.
263,"- Mike, stay with us."
264,- Come on.
265,Get an ambulance!
266,"- Come on, Mike. Come on."
267,"- Hey, hey, hey."
268,Phone... I got him on the phone.
269,You gonna be all right. You gonna make it through this.
270,"Come on, man. Stay with us, man."
271,"Come on, Mike. I'm right here."
272,"Dear God...it's me, Marcus."
273,You blessed mewith a lot of stuff lately.
274,<i>I know I haven't beento church in a while.</i>
275,<i>Probably Easter.</i>
276,"<i>But I ain't gonna lie,</i>"
277,<i>I wasn't paying attention.</i>
278,I haven't lost faith.
279,It's just...
280,I was ashamed at some ofthe stuff we had to do.
281,"<i>I know ""thou shall not kill,""</i>"
282,"<i>but they were bad guys,all of them.</i>"
283,"<i>You know, Mike hardly hada life yet.</i>"
284,"<i>No wife, no kids.</i>"
285,"<i>If you could just please findit in your heart</i>to give him one more chance, man."
286,"<i>Straight up,he's my best friend.</i>"
287,<i>My brother.</i>
288,"If you just spare him,"
289,"I swear to you,"
290,I will put no more violencein this world.
291,<i>A drive-by shooting has a famed Miami Dadepolice officer fighting for his life.</i>
292,<i>Witnesses report hearing shotsand a blacked-out bike fleeing the scene.</i>
293,<i>Detective Mike Lowrey remainsin critical condition.</i>
294,Let's run Cap through what we got on the case.
295,"Kelly, run us through ballistics."
296,So the slugs in Officer Lowreywere SS190.
297,"P90 fires that caliber,the Herstal."
298,"But these were subsonic 5.7-by-28s,custom rounds."
299,I wanna know who made those bullets.
300,We are watching 4chan and cross-referencingthe players in the market with the feds' red lines.
301,Mike's like a son to me.
302,I want this asshole.
303,This is personal for me too.
304,"- Let's bring every single thing we got, all right?"
305,- You got it.
306,"I made it clear,"
307,Lowrey dies last.
308,I'm the one up here.
309,"I've learned how to handle things,all right?"
310,<i>You've had metraining my whole life.</i>
311,The cop was a threat.
312,The others are nothing!
313,<i>Do you listen to me or not?</i>
314,I wanted him to see the others die.
315,<i>Just finish it.</i>
316,<i>Never disobey me again!</i>
317,<i>Retired DA Rodrigo Vargas wasgunned down this afternoon.</i>
318,"<i>The DEA is mourning Dr. Jack Weber this evening,a 20-year forensic investigator for the agency in Miami.</i>"
319,There you are.
320,"<i>In yet anotherexecution-style homicide,</i>"
321,<i>Judge Leon Sorenson was shot outsidehis courthouse late Wednesday.</i>
322,<i>The war on law enforcement continues.</i>
323,Three other law enforcement personnelhave been killed that could be linked to our case.
324,- It's a war on the goddamn law.
325,- All the same shooter as Mike.
326,- Connected how?
327,"- Traffic cams, witnesses, tire treads,all put the same blacked-out bikeat the scene."
328,We want to thank you allfor joining us today.
329,It means a lot to the family.
330,And I now pronounce you man and wife.
331,You may kiss the bride.
332,I really gotta stop cryinglike this.
333,"Hey, you guys are great."
334,"Ladies and gentlemen,it's time for our first toast."
335,I'm going to bring up
336,"Officer Mike Lowrey,affectionately known as Uncle Mike."
337,All right. Let's do this.
338,"First off, Reggie,"
339,I am shocked that you are even still here.
340,"I remember your first date with Megan,and trust me, me and Marcus did everythingwe could possibly do to make sure you never came back."
341,"But I'm telling you,love is hard."
342,And your relationshipwill be tested.
343,And your father and I have weatheredstorm after storm.
344,"And we have a mantra thatwe say to each otherin our darkest days,and it always seemsto bring us back together."
345,"And, Reggie, Megan,"
346,I would like to share it with you.
347,"We ride together,"
348,- we die together.
349,- We die together.
350,Bad boys for life!
351,No.
352,"- No, what?"
353,- You know what.
354,"From the minute I heard you were still breathing,"
355,I've been waiting for the shit to hit the fan.
356,"Look at me, Mike. No."
357,- You don't even know what I'm gonna say.
358,- I know you. I know what you're gonna say.
359,AMMO's got this.
360,AMMO?
361,"Come on, Cap."
362,AMMO?
363,"With all due respect,"
364,AMMO is a high school musical...boy band with guns.
365,They don't even have shit.
366,How do you know what they haveor don't have? They have!
367,- What do they have? What?
368,- They have.
369,"The bullets they carved out of you,they were custom rounds for the P90 Herstal."
370,AMMO's gonna find the dealer
371,- that supplied your shooter.
372,- How?
373,"- State-of-the-art police work, that's how."
374,"- Cap, look... All right."
375,- Sir.
376,- Sir?
377,You are desperate.
378,But I can't.
379,"Mike, I can't let youinvestigate your own case."
380,- All right. Let me investigate the Vargas case.
381,- No.
382,The last thing I need is having IAD shovinga Hubble telescope up my assfor a full-on colonoscopy.
383,- You know the rules.
384,"- Fuck the rules, Cap."
385,Come on. Put me and Marcuson this shit.
386,Have you talked to your partner?
387,You retired?
388,"It's my daughter's wedding, Mike."
389,Do we have to do this right now?
390,Yeah.
391,- I told you I was retiring.
392,- Wha...? What?
393,"Wait, nah, hold up."
394,"We raced, you lost."
395,Now you reneging? What happenedto bad boys for life?
396,"Yeah, for life. It's off."
397,You died.
398,What? What the hell are youtalking about?
399,"You coded out, Mike,three times."
400,"Marcus, look,this motherfucker stole somethingfrom me and I need it back."
401,"What did he takefrom you, Mike?"
402,You're still here.
403,"All he took from you was the legend,"
404,"""Bulletproof Mike."""
405,But I saw youon the ground bleeding.
406,"You're human, just likethe rest of us."
407,"Yeah, his ass bleeds too."
408,"I'm telling you, Mike."
409,"You go out there for vengeance,you gonna get someone killed."
410,"Oh, we definitely bringingsome smoke."
411,That fool put holes in me!
412,"And you're filling themwith hate, Mike."
413,"Look, you need to start thinkingabout your karma, man."
414,This was a sign.
415,"A sign, yeah."
416,A sign to turn up.
417,So I'm supposed to bow down now?
418,Give this bitch a pass?
419,"""Turn up""?"
420,"What are you, 20?"
421,You need to turn that shit off.
422,"You know, Mike..."
423,Rita called me every day you werein the hospital.
424,"There's something still there,a future."
425,My future is huntingthis motherfucker.
426,"Well, it's not mine."
427,All right.
428,So let me get this straight.
429,So somebody get to dump my ass outin the streetand you ain't gonna do shit?
430,You just gonna quit?
431,"How dare you, man?"
432,I sat by your bedside.
433,"I wiped the drooloff your chin, Mike."
434,- Don't disrespect me like that because you don't know.
435,"- All right. All right, man."
436,"Look, Marcus,"
437,I'm asking you.
438,"I'm begging you, man."
439,I need this.
440,Bad boys...one last time.
441,"No, Mike."
442,No.
443,"Everything for you, Papa."
444,Mama.
445,<i>He didn't die.</i>
446,<i>Isn't that what you wanted?</i>
447,Santa Muerte wouldn't let him diebefore he suffered as we have.
448,<i>Don't kill himuntil I tell you.</i>
449,He will suffer.
450,A little somethingfor your fans...
451,"<i>Video of a shooting ofa Miami detective has surfaced online,</i>"
452,<i>going viral in a matterof hours.</i>
453,<i>The video first appeared on the darknetand soon spread to mainstream social media.</i>
454,<i>Authorities believe the shooter uploadedthe video himself.</i>
455,Too slow.
456,You're slipping.
457,Still had the key.
458,What's up?
459,Howard told me you wanted back in.
460,"Obviously, that can't happen."
461,Says who?
462,"Michael, you got shot."
463,"- Yeah, people keep reminding me of that."
464,"- Well, why do you think that is?"
465,"- Oh, you shrinking me now."
466,- You always say that when you don't wanna get real.
467,"No, I always say thatwhen you start shrinking me."
468,"Hey, this is the type of casethat AMMO was built for."
469,"- You just have to trust me, that's all."
470,"- Oh, come on. What?"
471,Why you always go there?
472,This don't have nothing to dowith me trusting you or not.
473,"- Oh, no?"
474,- No.
475,Are you even healed?
476,"- Yeah, I'm fine. Yeah."
477,- Yeah?
478,- You sure you're fine?
479,"- Oh, shit. Rita."
480,- You sure you're fine?
481,- Rita. Stop.
482,- Hey. This is me you're trying to bullshit.
483,- Rita...
484,"If you get involved, you're gonnamake mistakes you can't take back."
485,What does that mean?
486,Where'd you get that?
487,Until you burn?
488,Until you die?
489,You know me well enoughto know not to ask me to quit.
490,"It's because I know you,"
491,I'm asking.
492,Because I care about you.
493,As a friend.
494,Let us handle this.
495,"Shit. Alexa, turn downthe volume."
496,Marcus! You need to get outof the house!
497,"Sorry, baby."
498,So sorry.
499,How about a spa day?
500,- Is that Manny's car?
501,- Yeah.
502,- Where's Manny?
503,- In the back.
504,"Oh, shit. Mike Lowrey."
505,"What are you doing here, man?"
506,"You look like a ghost, man."
507,"You know they say you're dead, fuckboy."
508,I got to show you something.
509,The streets is talking.
510,That cop shit ain't working for you.
511,Come work for meat Manny's Prime Rib.
512,"See, look,you get dropped right here."
513,And guess what.
514,You're trending worldwide.
515,"My fucking hand, man!"
516,"Yo, this ain'tno fucking cop shit, man!"
517,What happened about reading my rights?
518,This is not how it's supposed to go.
519,"You're supposed to ask me questions,and then I tell you, ""Go fuck yourself!"""
520,"What the fuck, man?"
521,Fuck!
522,"- My fucking hand, man."
523,"- P90 Herstals, custom, who's making them?"
524,"Mike, I'm notin the game no more."
525,"Oh, nah?"
526,Okay. My bad.
527,"- Mike, Mike, fucking chill, man."
528,"- So all these vegans in Miami,and you want me to believe that that hot rodyou got outside comes from selling pork chops?"
529,"I work at Manny's. I'm a family man,and I'm a hardworking man."
530,I got you...
531,"Oh, shit. Oh, man."
532,- Did you just get pig fat on my suit?
533,"- Oh, shit."
534,"Sorry, Mike."
535,Sorry.
536,No! Booker Grassie!
537,That's the name! Booker Grassie!
538,"That's the name, man!"
539,"Yo, Mike! Mike! Yo, Mike!"
540,"The handcuffs, man!"
541,Booker Grassie.
542,Only arms dealer in Miami customizingfor the P90 Herstal.
543,What'd I tell you?
544,I know. I'm not supposed to investigatemy own case. I know the rules.
545,But this fool posted a videoof him trying to kill me.
546,I saw it.
547,"- I can go after him vigilante style, or you can bring me in."
548,- Or I could shoot you myself.
549,Fuck me!
550,"Fuck, fuck, fuck!"
551,If...
552,"I bring you in, to consult,and you go cowboy on me,"
553,I need you to comprehendthe level-five shitstorm I will be drowning in.
554,No gold-plated watch.
555,No cop retirement village.
556,I'm sticking myself out on a skinny limb!
557,Scratch that.
558,A twig in an ice storm!
559,"Me, on the edge, ""tithering."""
560,"You mean, teetering?"
561,That's what I said!
562,And picture me very fat!
563,"- Think I got the image, Cap."
564,<i>- What is he doing here?</i>
565,He's gonna be helping out.
566,- I don't want him.
567,- I'm not working with her.
568,He's not. You're not.
569,He's consulting. It's your show.
570,"- Captain, come on."
571,- Wait.
572,"I know you guys got history together,so let's not make it personal."
573,- Personal? I'm the only one being a professional here.
574,- This is not détente. I'm informing you of my decision.
575,- This is a bad idea.
576,"- He's gonna investigate this case, no matter what!"
577,"So this way, we keep himon a short leash, we control him."
578,"I'm standing right here, Cap."
579,Mike will consult.
580,He'll observe.
581,That's it.
582,"Now, what do you got?"
583,"Picked up chatter. The dealer we think customedthose Herstal rounds, he's making another sale."
584,Booker Grassie.
585,Did you share any otherconfidential information?
586,What? Not me.
587,He's the one that told me.
588,Guess my old tricks still worka little bit.
589,You're a distraction.
590,You see that?
591,"That's what I like, teamwork."
592,Already a beautiful relationship.
593,"<i>- The video, presumed to be posted by the shooter...</i>"
594,- Guys.
595,This is Detective Michael Lowrey.
596,He'll be joining us as an adviser only.
597,<i>Police have no suspects.</i>
598,<i>And the shooter isstill at lar...</i>
599,Nice to meet you all as well.
600,- Thrilled to see you've had a...
601,- Sweet.
602,- I am much better now. Thank you.
603,- I am so sorry about that.
604,"You look good, Michael."
605,"Look, she calls me by my whole government name,but everybody... You can just do Mike."
606,"- For sure, Mike."
607,"- Got it, Mike."
608,"Yeah, sure thing, Michael."
609,"Oh, so you're that guy."
610,"- Hey, there's always one."
611,- Yeah. Right up till there's not.
612,- What's that supposed to mean?
613,"- It's Mike Lowrey, okay?"
614,- Be cool. For once.
615,- Let's load up!
616,Think I might be able to hang outwith you guys after all.
617,"Nah, nah, that ain't the one."
618,We're taking The Crawdaddy.
619,Wait until you see the inside.
620,"- You need any help, Gramps?"
621,"- Go ahead somewhere, boy."
622,Look at you tryingto be all cool and shit.
623,"Okay, everybody is way too serious."
624,Raids are supposed to be fun.
625,They're like field trips with guns.
626,This is not a raid.
627,It's surveillance.
628,Surveillance? Right.
629,Meaning we're just gonna watch the crime.
630,We'll record him in the dealand bring him in facing serious time.
631,Then we'll get him to talk and he's gonnatell us everything that we need to know.
632,"Or since he's gonna be thereand we're gonna be there,"
633,"I mean, we could just grab him."
634,Thank you for your input.
635,Okay.
636,Listen up. Booker Grassie is the guythat sold the bullets we took out of Michael.
637,"Hey, look, you think you could stopcalling me Michael in front of everybody?"
638,It's your name.
639,Okay.
640,<i>Relax and clear your mind.</i>
641,<i>Use God's inspiration to bringpeople peace and tranquility</i>
642,<i>by penetrating their soulswith your heart.</i>
643,We're here.
644,"Excuse me, Mr. Lowrey."
645,"- Just need to get past you, please. Thanks."
646,"- Sure thing, buddy."
647,"You're the tech, huh?"
648,They just leave you in the van?
649,"Yeah, I'm more comfortablein here."
650,Got it.
651,Sending in Big Barry.
652,You're not Big Barry?
653,He's our surveillance drone.
654,So you send the drone in.
655,Let's fly.
656,I guess Barry getsto have all the fun.
657,There. Black pickup truck.
658,That's our H-77 Boyz.
659,Who are they?
660,These guys are definitelyfrom out of town. Trying to step up.
661,"I need wide angle, whole deal."
662,Zoom in.
663,Booker's hooking them upwith a crate of 5.7-by-28s.
664,- That's Booker Grassie.
665,- There's our deal.
666,Audio.
667,<i>Here it is.</i>
668,These will put a hole through anyoneand anything you point your gun at.
669,<i>I guarantee my product.</i>
670,"- He's right there, Rita. We can grab him."
671,- No.
672,I'm not risking the collateral damage.
673,- Let's move.
674,- Let's wait.
675,- You're the boss.
676,"- Yeah, I know."
677,- That's what I just said. Okay.
678,"- Yeah, I just confirmed it."
679,"You two used to date, right?"
680,- Sort of.
681,- Not really.
682,<i>Need to see the cash.</i>
683,<i>- See the cash.</i>
684,- Wait.
685,- Back. Go back. Right there. That guy.
686,- What?
687,<i>- I need to see it.</i>
688,- The bag is empty.
689,- There's no money in the bag. It's a rip.
690,"<i>- If you see mine, I need to see yours.</i>"
691,- They're gonna kill... It's a rip.
692,- Michael.
693,- We need Booker alive!
694,"- Michael, get back here!"
695,"Shit. Kelly, go. Go!"
696,Get me body cams.
697,"<i>Michael, do not engage until we havethe rest of the team in position.</i>"
698,"Can we count the cash,or what?"
699,This is a nice song.
700,Put it louder.
701,Now!
702,Move!
703,Put it down! Put it down!
704,Can you hear me?
705,I'm gonna need you to lay medown some cover. We're coming to you.
706,"All right. You wanna live, you stay with me."
707,Fuck with me and I'm gonna kill you.
708,Coming at you on three.
709,Bring the truck! Grab the merch!
710,"One, two, three."
711,Shit.
712,Shit.
713,Shit. Hey. Hey. Booker.
714,"Booker, look at me."
715,Hey. Hey. Don't die.
716,"P90 Herstals. P90 Herstals,who's the buyer?"
717,"Oh, shit."
718,"- Hey, hey. Booker. Booker."
719,- Michael?
720,"Hey, get an ambulance in here now."
721,Get the paramedics.
722,- Booker. Booker.
723,- Michael.
724,- Don't worry about clearance. Bring them in.
725,- Calm down.
726,"- Hey, just do what I ask you for once, please!"
727,- He's dead!
728,Is that Diego or his twin?
729,"Yeah, yeah, his twin."
730,"Carmelita, no, no, no."
731,- Who this?
732,"<i>- Yo, Marcus. It's Carver Remy.</i>"
733,"Look here, I'm busy, all right?"
734,"Don't waste my time, Carver. Leave me alone."
735,"<i>Come on, man."
736,It's important.</i>
737,Keep an eye on my baby.
738,<i>- Marcus.</i>
739,- I'm retired.
740,Only rats I talk to arein my basement.
741,- Carmelita shot the wrong twin!
742,"- Oh, shit."
743,"The guy who shot Mike,he's trying to kill me."
744,- What?
745,<i>- I'm serious.</i>
746,<i>A guy on a black bike's been tracking me.
747,The one on the news. It's him.</i>
748,- Bullshit.
749,"<i>- Marcus, would I lie to you?</i>"
750,- Yes. That's why we stopped using your ass as a CI.
751,"- I'm telling you, it's him."
752,- What do you want from me?
753,<i>- Protective custody. To not die.</i>
754,"<i>Please, man. Use me as bait,whatever.</i>"
755,You want this guy?
756,He's coming for me.
757,- You talk to Mike?
758,<i>- I called you. Nineteenth and Miami.</i>
759,<i>Third floor.
760,I'll be waiting.</i>
761,"What did I say? No, no."
762,What did I say?
763,I said consult.
764,I said observe. I...
765,Look at this mess. It's carnage!
766,"I didn't do all this shit, Cap."
767,They did this to each other.
768,"Wait, wait, wait."
769,You didn't shoot anybody?
770,"- You know I shot some people, but..."
771,- Yeah.
772,"- Look, they had already started."
773,"- What...? Jesus. Mike, you promised."
774,"- No, no, I didn't promise."
775,- You promised.
776,"- I said I could picture you on a limb, fat as hell..."
777,- Yeah?
778,- ...with sharks and some shit.
779,- Right. That's a promise.
780,- You were here to watch.
781,"- What? Yeah, and I saw."
782,"All right, Cap, look."
783,"The bag is empty, all right? No cash."
784,The guy reached up and scratched his nose.
785,I saw it had no weight to it.
786,"- That's very impressive, sir."
787,"- Yeah. See, I like that one."
788,"If I hadn't come in,"
789,Grassie was a dead man for sure.
790,That's a relief because your guy'sin a body bag and he sure looks dead.
791,- Cap.
792,"- Good job, Mikey."
793,"Hey, look."
794,"Young boy, seriously."
795,"Let me tell you something. You need to stayin a child's place, all right?"
796,"Spare me the street knowledge, grandpa."
797,Nobody asked you.
798,"Look, just because I fucked your motherdon't make me your grandpa, all right?"
799,"- That's enough. That's enough. Stop, all right?"
800,- You got me fucked up.
801,- Old ass.
802,- Stand down! Let's go.
803,- You better go on.
804,- Let's go.
805,- I will knock your ass clean the fuck out.
806,- Knock me out. Hit me.
807,"What am I, a nursery school teacher? Come on, let's go!"
808,- Shit. I got time today.
809,- Cool down. Cool down. Keep walking.
810,"- Excuse me, sir."
811,"- Go ahead, man."
812,- Do you guys want a...?
813,"- No, go. Just go ahead somewhere."
814,What?
815,"What, quitter?"
816,This is some sad shit.
817,- Where the hell is your ride?
818,- Girls took it to the spa.
819,You all right?
820,I'm fine. You all right?
821,Never felt better.
822,"I mean, you could,if you wanted to,just do the speed limit."
823,You let a Prius pass us.
824,"And what is that? What, you gotyour balls tucked up in there?"
825,Hey. You know what? Neither one of my ballswanna be here with your stupid ass.
826,You brought Little Marcuson a murder investigation?
827,We're dropping him at the spa.
828,Dropping him off at the spa?
829,Carver is scared.
830,"He is not gonna wait, man."
831,"It's on the way, Mike."
832,And what's the person that shot me wantwith a snitch like Carver Remy anyway?
833,"I'm taking you to find out,motherfucker."
834,"Sorry about that, Little Marcus."
835,Pop-pop shouldn't beswearing like that.
836,"Only when you're dealingwith people like Mike Lowrey,you got no fucking choice."
837,Sorry. There I go again.
838,- Take the baby in.
839,- I ain't going in there.
840,Then you ain't gonna find outwho tried to kill you.
841,"See, if I go in there, I knowwho's gonna kill me. Theresa Burnett."
842,- Stop fucking around. Take your baby. Go ahead in there.
843,"- Mike, Carver's scared."
844,He ain't gonna wait all day.
845,All right.
846,All right.
847,No. Mike! Mike!
848,Tell Marcus I'm gonna kill him!
849,"Go, go!"
850,"- Go, go, go!"
851,- What'd she do? What'd you do?
852,"- Is she coming? She coming? Oh, shit!"
853,"- Go, go, go!"
854,"Mike, you known Theresa a long time."
855,How pissed would you say she was?
856,What you mean?
857,"Like, one to 10?"
858,"- Yeah, 10 being..."
859,- Like when I broke up with your sister?
860,No. That was me at a 10.
861,- Why would you bring that up?
862,- All right. I'm just trying to...
863,"No, a Theresa 10 would be..."
864,Me that time you spilledthe Frappuccino in my Ferrari.
865,"- Yeah, yeah, that's it. That's it."
866,"- She's probably like a nine, then."
867,"- A nine? Oh, sh..."
868,"- Yeah, man."
869,"Oh, shit."
870,Better make it a 10.
871,- Forgot to give her the baby wipes.
872,"- Oh, tragedy."
873,Are you stopping?
874,"Dude, that was a yellow light."
875,We are in a hurry.
876,Come on...
877,"Oh, what? You embarrassedto be seen like this?"
878,We got Mike Lowrey here!
879,Mike Lowrey in a Nissan Quest!
880,"Nobody gives a shit, Mike."
881,He's... He's my Uber driver!
882,A big part of fighting crimeis being ahead of the criminals.
883,You don't have to stop for pigeons.
884,You just drive up to them. They'll fly away.
885,That better be a safe...or a piano.
886,- This is my wife's car!
887,- And that's fucking Carver Remy!
888,You don't know that's Carver Remy.
889,That could be anybody.
890,- Cover the front door!
891,- I'm retired!
892,I'm a civilian!
893,This is a sign.
894,It's a sign from God.
895,"Oh, shoot."
896,She knows.
897,She always knows.
898,I need 315 at the Broadmoor Hotel.
899,Fuck!
900,"God, I know I asked youto help Mike out before...but he's really gettinghis ass whupped."
901,"Lord, give me a sign."
902,What the hell are you doing?
903,Mike!
904,Shit!
905,You okay?
906,I'm better than you gonna bewhen Theresa see this car.
907,I had him.
908,I had him right there.
909,"I don't understand, Mama."
910,<i>Armando...</i>
911,A bullet is mercy for this son of a bitchwho took your father from me.
912,<i>He needs to suffer.</i>
913,<i>Then he dies.</i>
914,<i>You understand?</i>
915,Yes.
916,Pass it! Pass it! Thattagirl!
917,"Thattagirl, Callie!"
918,Make them wanna play soccer!
919,"You're done, Mike."
920,"Yeah, I know."
921,"No! If she fouls you,you foul her back!"
922,- Yes!
923,- Yeah.
924,So there's this...
925,"This Buddhist guy, right?"
926,"And, you know, mountain man, way up high,going down this long winding road."
927,"And out of nowhere,this other guy's ridinga horse right toward him."
928,"He's Buddhist too,"
929,I think.
930,"- Actually, I'm not sure."
931,"- Just let them both be Buddhist, Cap."
932,"Okay, fine."
933,"So the guy on the horse isriding toward our guy so fastthat our guy's gotta get out of the way,so as not to be trampled by the horse."
934,"And the guy gets up, all dusty, and he goes,"
935,"""Hey, where the fuck are you going?"""
936,"And our guy on the horse,he says:"
937,"""I don't know!"
938,"Ask the horse!"""
939,Ask the horse?
940,Exactly.
941,- Yes!
942,- Yes!
943,See that face...? That. That?
944,That's it.
945,That was my face.
946,The horse representsall of our fears and traumas.
947,"And it's got us running arounda hundred miles an hour,to the point where we can'teven answer a simple question."
948,"""Where are you going?"""
949,"Where are you going, Mike?"
950,"No, Callie!"
951,Don't pass!
952,Shooters shoot!
953,Kid's got the family curse.
954,Mike...you gotta get control of your life.
955,You gotta grab the reinsbefore your horseruns you off a cliff.
956,Come over for dinner.
957,Callie would love to see you.
958,I'll read you a Buddhist story.
959,I got a book full of them.
960,"- Wait, you gonna be cooking again?"
961,"- Hell, yeah."
962,"- All right, all right. We'll order pizza."
963,"- Yeah, I think I can do that."
964,Bingo.
965,- Cap!
966,"- I don't know! I don't know! Go, go, go!"
967,Get him.
968,I can help. What does he need?
969,Shoot.
970,- Through the bitch.
971,- Move.
972,- Move. Get behind the car.
973,- No. I can help.
974,Move! Get behind the car!
975,"What's wrong with you, man?"
976,You had that shot.
977,No innocents.
978,"You crazy, man, you know that?"
979,Three-fifteen. Shots fired.
980,Officer down.
981,Jose Marti Park.
982,We need Air One on a three.
983,This is Detective Mike Lowrey.
984,The captain is down.
985,The captain is down.
986,Ready! Aim! Fire!
987,Ready! Aim! Fire!
988,"You were right, man."
989,"You said if I went out there,"
990,I was gonna get somebody killed.
991,One last time?
992,One last time.
993,"Mama, they're all gone."
994,It's time?
995,"<i>Yes, kill him.</i>"
996,"<i>But before you do it, look in his eyesand tell him something for me.</i>"
997,"What, Mama?"
998,I ran a suspicious financial report on Booker.
999,All his LLC fronts have the same accountant.
1000,"Picante Jenkins, CPA."
1001,Yep. You don't meettoo many Picantes.
1002,- So we just gonna do a knock-and-talk?
1003,- Yeah.
1004,- What the hell is all that?
1005,- What you talking about?
1006,"Mike, you don't needa grenade launcher."
1007,"Yeah, but I want one."
1008,"He's an accountant, Mike."
1009,"- Look, we're not going in there like that."
1010,- Like what?
1011,"Hey, look, all our lives,we've been bad boys, all right?"
1012,Now it's time to be good men.
1013,Who in the hellwanna sing that song?
1014,"<i>Good men, good men"
1015,What you gonna do?</i>
1016,"Well, maybe if you sang the songlike you meant it, it'd catch on."
1017,Nah.
1018,Knock and talk.
1019,"Yeah. Knock, knock."
1020,- Mike! Mike! Mike!
1021,- Miami PD! Get down!
1022,- Mike! Mike!
1023,- Get down!
1024,- What is happening?
1025,- Mike! What happened to knock and talk?
1026,"- Hey, you broke my door. You broke my door!"
1027,"- Sir, sorry about the door, okay?"
1028,- A little Gorilla Glue will make that just fine.
1029,"- Hey, where's your warrant?"
1030,I need you on your knees with your handsbehind your head right now!
1031,"Sir, if you keep moving,"
1032,I'm gonna shoot you in your face.
1033,"- No, he's not."
1034,"- Yes, I am!"
1035,"Mike, the man is an accountant."
1036,We just need to talk to him.
1037,So you wanna have a conversation
1038,- with a coked-out orange mountain?
1039,- Here's the latest figures.
1040,"Look, let me handle this, okay?"
1041,Just back up.
1042,I'm gonna penetratethis man's soul with my heart.
1043,What?
1044,Yeah.
1045,Watch and learn.
1046,"Hey! Hey, ass licker."
1047,I'm gonna fast-food fist-fuck you.
1048,"Sir, that's just nasty."
1049,"- Now, I recognize that this is a difficult situation."
1050,- Don't come over here.
1051,- Don't go over there.
1052,- We just need your client's receipts.
1053,- What?
1054,- Booker Grassie.
1055,Any record of...?
1056,Hey. How deep you thinkyou got in his soul?
1057,- Sometime you gotta suffer for what is right.
1058,- Don't you turn that other cheek.
1059,- Get off me!
1060,- All right.
1061,"Now, sir, I realizethat you're scared."
1062,"Hell, we all scared."
1063,"You know, sometimes fear just..."
1064,"So, what you thinking?"
1065,I think you shouldhandle this one.
1066,"Yeah, me too."
1067,Hey!
1068,MLK just tapped out.
1069,You got Brother Malcolm now.
1070,We can handle thisby any means necessary.
1071,"Hey, I recognize you."
1072,You're that cop that got shot.
1073,"Bad year you're having,"
1074,Butterscotch.
1075,"If you didn't have that gunand badge, I'd fucking eat you."
1076,"This the only thing that's keeping youfrom eating me, huh?"
1077,Yeah.
1078,"Bring it, big boy."
1079,- Left line clear!
1080,- Cuff him.
1081,What the hell are y'all doing here?
1082,I called them.
1083,What?
1084,What happened to bad boysone last time?
1085,This is one last time.
1086,"But this here's the remix, Mike."
1087,We work with AMMO now.
1088,"That's that shit, okay?"
1089,You got three secondsbefore I bite it off.
1090,Get your damn finger out my face.
1091,"So tell us. Judge, prosecutor,criminal informant, the captain, and you."
1092,- Who do you all have in common?
1093,"- Hundreds of investigations, operations..."
1094,Eight hundred and forty-seven casesin the nexus of all the victims.
1095,"- Well, who up there wants to kill you?"
1096,"- Hell, who doesn't?"
1097,- All right.
1098,- That just the criminals that we're looking at.
1099,I don't trust a person that don't wanna kill him.
1100,"Hell, put my name up there."
1101,- Thanks. We got it. We appreciate it.
1102,- What you get out of the accountant?
1103,- His records are a mess.
1104,- Surprising.
1105,But I did manage to getinto his Keychain.
1106,- So?
1107,- All of his social.
1108,Boom.
1109,A lot of dick picsbut not so many clues.
1110,- Facial rec for anyone in our system.
1111,- On it.
1112,It's three daysbefore I got hit.
1113,"Hey, go back to that last shot."
1114,The chain.
1115,"Yeah, zoom in."
1116,- Zway Lo.
1117,- Zway Lo.
1118,Who's Zway Lo?
1119,Lorenzo Rodriguez.
1120,Goes by Zway Lo.
1121,Used to coach him in peewee hoopsbefore he went for that thug shit.
1122,"Great player, but I had to bench himduring the championship."
1123,You benched a 10-year-oldin the championship game?
1124,Yeah. Little fucker called mea dickhead.
1125,- Did y'all win at least?
1126,"- Hell, no."
1127,He was our star player.
1128,"We lost by 40, but I made my point."
1129,"Okay, there's no ""I"" in ""team."""
1130,"- There is one in ""dickhead"" though."
1131,"- Man, shut up."
1132,"Look, Zway Lo's into drugs,weapons."
1133,He's one of Taglin's lieutenants.
1134,Taglin was found deadthe same night Mike got shot.
1135,I guess he's someone else'slieutenant now.
1136,Lorenzo Rodriguez.
1137,"No mortgage,not even a bank account."
1138,But it is his birthday tomorrow.
1139,"If he's celebrating,there's three spots for a cat like that."
1140,"Ditto, Ice 45, Zillion."
1141,Can you get into their club records?
1142,Ice 45 should up their cyber security.
1143,Okay. Ice 45.
1144,Ditto. Zillion.
1145,There. Rodriguez.
1146,- Bam.
1147,- The party's tonight.
1148,Zillion it is.
1149,"All right, we meet at the club at 2300, UC,so wear your Sunday best."
1150,This is a grab. We're in. We're out.
1151,No bodies. This raid is strictly nonlethal.
1152,Nonlethal.
1153,Has anyone informed the bad guys?
1154,ACLU rounds.
1155,Rubber.
1156,"Trust me, you'll enjoy them."
1157,You get to shoot as much as you want.
1158,"<i>Bad boys, bad boys</i>"
1159,"Hell, no."
1160,<i>Whatcha gonna do?
1161,Whatcha gonna do when we come...?</i>
1162,"Hey, hey, hey!"
1163,"- No, no."
1164,- No! No!
1165,Never. Y'all willnever do that again.
1166,"Yeah, and you fucking up the lyrics,which take a long time to learn."
1167,- Don't do that.
1168,- All right.
1169,"- No, no. Don't do that."
1170,- Seriously.
1171,- Okay.
1172,"- Sorry, sorry."
1173,Shit.
1174,- Won't happen again.
1175,- Get your own damn song.
1176,Can you believe that shit?
1177,Dumbass.
1178,"Whatever, man."
1179,Miss me with that bullshit.
1180,I got this.
1181,"Hello there, ladies."
1182,Georgio in there tonight?
1183,"- No idea who that is, sir."
1184,- The line's in the back.
1185,Nicole! Paige!
1186,Hey!
1187,- Hey!
1188,- You guys look so good.
1189,- Thank you.
1190,- Thank you.
1191,"- So beautiful. Oh, my God."
1192,- You too.
1193,"That's my Uncle Michael,and that's his pal, Uncle Marcus."
1194,You mind if they come in?
1195,He just got divorced.
1196,"- Oh, that is so sad."
1197,- Yeah.
1198,- Come on in. Come on in.
1199,- Come on.
1200,"- Hell, no."
1201,"- Come on, kids. Let's go."
1202,- Watch your step.
1203,- Yeah.
1204,"- Oh, no."
1205,"- No, yeah."
1206,- It's real.
1207,"- No, not at all."
1208,- Yeah.
1209,"- No, sir."
1210,Yeah.
1211,Yeah.
1212,"Kelly, what's the target QTH?"
1213,<i>Second level. VIP platform.</i>
1214,<i>- I have eyes on.</i>
1215,- Up top.
1216,"Hi, baby."
1217,Target confirmed.
1218,"<i>Platform is one way in,one way out.</i>"
1219,<i>We got him cornered.</i>
1220,"Man on his two-side has a 55, hot."
1221,"Stay with the A-plan. Kelly,you're on Zway Lo's bodyguard."
1222,<i>Copy.</i>
1223,"Mike, how you think she DJ like that?"
1224,She must got some strong ass muscles.
1225,"Look, I'm gonna be honestwith you, Mike."
1226,I ain't had sex in a long time.
1227,"Yeah, too long. Too long."
1228,I be thinking of shit.
1229,"- Crazy shit, Mike."
1230,- Marcus.
1231,- I feel like I'm locked up since...
1232,"- Hey, you know they can hear you?"
1233,It's too loud. They can't hear us.
1234,They can't hear us.
1235,"Look, look, sometime I go tothe Internet,"
1236,<i>and I see some weird shiton there.</i>
1237,<i>- I saw a man put his...
1238,- Marcus.</i>
1239,Marcus.
1240,What?
1241,We can hear you.
1242,That's a little jokey joke.
1243,"Y'all didn't hear that, did you?"
1244,- In position.
1245,<i>- Setting up.</i>
1246,"<i>Mike, Marcus,meet you at the top.</i>"
1247,"<i>Mike and Marcus moving,stairs right.</i>"
1248,"<i>Rita on the move,stairs left.</i>"
1249,- Everybody in position?
1250,- Set.
1251,<i>- Set.</i>
1252,- Set.
1253,"<i>That dress is incredible, girl.</i>"
1254,- You got style.
1255,"- Oh, hi."
1256,- Thank you.
1257,- Yeah.
1258,Stand by. Stand by. Stand by.
1259,<i>I can't. I'm herewith my girlfriends.</i>
1260,"They can come too, baby."
1261,I can't tonight.
1262,"Knee him in his balls,and let's go."
1263,- From Tétouan.
1264,- From Tétouan.
1265,"- Bye, baby."
1266,"- Bye, baby."
1267,Why'd she wear that dress?
1268,That is not a undercover dress.
1269,You should've wore something...undercover.
1270,Happy birthday.
1271,"Yo, yo, yo! Everybody,let's make some noise!"
1272,We got a special guestin the house!
1273,"It's his birthday! Let's wish hima birthday on one! Three, two, one."
1274,Happy birthday!
1275,"We love you, Zway Lo!"
1276,Hey! Yeah!
1277,<i>- Zway Lo! Zway Lo!</i>
1278,"- Top of the world, baby!"
1279,<i>- Zway Lo! Zway Lo!</i>
1280,"- Happy birthday, dickhead."
1281,- Yeah!
1282,- Yeah!
1283,- Yeah! Yeah!
1284,- Yeah!
1285,- Yeah.
1286,"- You going to jail today, motherfucker."
1287,"When I say ""criminal,"
1288,"""you say ""jail."""
1289,- Criminal.
1290,- Jail.
1291,Miami PD! Freeze.
1292,- Damn!
1293,- Damn!
1294,I told you he was an athlete.
1295,- We gotta jump.
1296,- I'm not jumping.
1297,- He's getting away! Jump now!
1298,- Shit!
1299,Zway Lo!
1300,Get out of the way!
1301,I need this. I need it.
1302,"Excuse me, sir."
1303,- What you doing?
1304,- Excuse me.
1305,"- Hey, hold on!"
1306,- Official police business.
1307,"- Hey, that's my car!"
1308,- This is the police.
1309,Back up!
1310,- What the fuck?
1311,- Come on!
1312,It is of no advantage for me to jump offof the fucking thing if you're gonna take the stairs!
1313,I told your ass I wasn't jumping!
1314,<i>Zway Lo just turned lefton 2nd Ave.</i>
1315,Shit!
1316,- Putting your seat belt on?
1317,- Yeah.
1318,- That's how we do it now?
1319,- You're damn right.
1320,- Number one's on my ass!
1321,<i>- Crossing 395 into Overtown.</i>
1322,"Whoa, Mike. Overtown's a no-go."
1323,<i>Zway got people here.
1324,Dangerous people.</i>
1325,We're dangerous people.
1326,"Shit, whoa!"
1327,"Damn Nerf gun,rubber bullet bullshit."
1328,"They shooting slugs,we firing gummy bears."
1329,"Mike, pull over for a minute."
1330,I need to tell you something.
1331,- Pull over?
1332,- Yeah.
1333,- One second. Let me see if Zway will pull over. Zway Lo!
1334,- Yeah. Yeah.
1335,Marcus needs to pull over for a second!
1336,"Hey, can we get a time-out?"
1337,"- Damn it, Mike, I need to tell you something!"
1338,- What?
1339,I made a promise to God.
1340,- To who?
1341,- To God.
1342,What the hell are you talking about?
1343,"Look, I told the Lord thatif you made it throughthat I would make no more violence."
1344,He definitely knew you was bullshittingwith that. Violence is what we do.
1345,"It's about your soul, Mike."
1346,Our job is to protect and serve.
1347,You're damn right. I'm aboutto serve this bitch right now.
1348,"- Oh, shit! What...?"
1349,"- Oh, shit."
1350,"Oh, look at that!"
1351,Damn!
1352,That is some Elephant Man shit right there.
1353,"Yo, you see that?"
1354,"- Yeah, I see it."
1355,"- Hey, stop it."
1356,"- It's calling me, Mike."
1357,- What?
1358,- Leave it... Stop it.
1359,"- I can't help it, but it's calling me."
1360,Stop. What the hell is wrongwith you? Just leave it alone.
1361,"Yo, leave it alone."
1362,Leave... Marcus.
1363,"- You're gonna pop that shit, man."
1364,- That shit nasty!
1365,- Then leave it alone.
1366,"- Oh, shit."
1367,Damn.
1368,- Just leave it alone! Let's...
1369,"- No, one more time. One more again."
1370,Overtown is waking up.
1371,Let's go.
1372,"<i>- AMMO, where you at?</i>"
1373,- Got jammed up. Hitting Overtown now.
1374,Gear up.
1375,Come on.
1376,Fuck!
1377,We got your man!
1378,- Shit!
1379,- I'll kill his ass!
1380,"Oh, shit!"
1381,Stop it!
1382,"Wake up, Zway Lo!"
1383,Wake up! Wake up!
1384,Wake your ass up!
1385,Coach Burnett?
1386,Dickhead.
1387,Still think I'm a dickhead?
1388,"- Zway Lo, who wants to kill me?"
1389,"- Shit, everybody wanna kill you."
1390,"Yeah, I told you, Mike."
1391,Forget about me!
1392,Kill them both!
1393,What's he saying?
1394,Kill them both!
1395,What's he saying?
1396,- Y'all both dying tonight.
1397,"- Coming up, Marcus."
1398,"Oh, shit."
1399,"Thank you, God!"
1400,Why'd you let him get away?!
1401,Lay suppression fire!
1402,"- Oh, shit!"
1403,- Get in!
1404,- There's a pit bull!
1405,"- Hey, come on!"
1406,"Wanna get bit, you wanna get shot?"
1407,Come on! Let's go!
1408,"- Oh, shit."
1409,- What you got?
1410,It's like an angrywhite man's basement in here.
1411,"- Shit, a fucking grenade."
1412,- Pull it.
1413,- Pull it!
1414,- This ain't fucking Vietnam!
1415,"- Hang on to it, then."
1416,"- Damn you, Mike!"
1417,"Oh, shit!"
1418,"Come on, man!"
1419,What else you got?
1420,"Oh, yeah!"
1421,Shoot that shit!
1422,"No, no, Mike! I made a promiseto God! No more violence."
1423,- Who do you think sent you that weapon?
1424,- I don't know!
1425,That is God's gun!
1426,- It is?!
1427,- Sent to you in your time of need.
1428,"- Well, shit! I do need it right now!"
1429,- Yes. You are a vessel for the Lord's work.
1430,"- Yeah, I'm a vessel."
1431,- Like David and Goliath.
1432,"- Yeah, David with the slingshot."
1433,- Yes! That is your slingshot!
1434,- Yeah!
1435,- To smite thine enemies!
1436,"- You know what? Bad boys of the Bible, baby!"
1437,- Exactly!
1438,- Amen? Amen?
1439,- Amen! Amen!
1440,- Shit!
1441,- Where are your glasses?
1442,- I don't need no damn glasses!
1443,- You ain't hitting shit!
1444,Let's go!
1445,Shit!
1446,Get that ATV!
1447,I got the six!
1448,Yes!
1449,No!
1450,Mike! Mike! Mike!
1451,What the hell you doing?!
1452,"Lord, I don't wanna die this way!"
1453,- Mike!
1454,"- Oh, shit!"
1455,"- My bad, my bad."
1456,"- Damn right, that's your bad!"
1457,"Oh, shit."
1458,"Oh, shit!"
1459,"Oh, shit!"
1460,Mike! Mike!
1461,Move!
1462,Get out of the fucking way!
1463,"Hey, Dorn. I need you."
1464,"Hey, hey, look."
1465,I been there before. Many times.
1466,It's gonna be all right.
1467,That's Zway Lo's phone.
1468,Can you break it?
1469,- Yeah. What am I looking for?
1470,- Who he's talking to. Call logs.
1471,And I need you to hurry upjust a little bit.
1472,"Okay, but I'm gonna have to goon the dark side."
1473,All right.
1474,You good with that?
1475,Yeah.
1476,- Yeah.
1477,- Yeah. Let's do it.
1478,"Dorn, he's a big guy."
1479,- How'd he get so good at this stuff?
1480,- What stuff?
1481,Tech shit.
1482,- He looks like a killer.
1483,- Is.
1484,Used to be a bouncer.
1485,Guy one night was gettingphysical with a woman...
1486,"Yeah, big man lost it. Hit him."
1487,- Bastard dropped dead.
1488,- Avoided the fight ever since.
1489,Here we go.
1490,Give me the last two months.
1491,Shit.
1492,Mexico.
1493,What are you after here?
1494,"All right. To each one of those numbers,"
1495,I need you to text the phrase:
1496,Done.
1497,All right. I got it.
1498,Thank you.
1499,- You sure?
1500,- I got it. Go.
1501,We're shut down.
1502,- What?
1503,- What do you mean?
1504,AMMO's done.
1505,I'm sorry.
1506,"Look, everything's gonna be all right."
1507,"Trust me on this, okay?"
1508,Everything's gonna be all right.
1509,Mike.
1510,You all right?
1511,I think he's my son.
1512,What?
1513,"Twenty-four years ago,before we partnered up..."
1514,Captain Howard pulled me outof the academy.
1515,Nobody knew who I was.
1516,He sent me in undercoverwith the Aretas cartel.
1517,<i>Sorenson.</i>
1518,<i>Weber.</i>
1519,<i>Vargas. Carver.</i>
1520,All of the victims were on that case.
1521,This is revenge.
1522,"- Yeah, Mike, but you weren't on that case."
1523,- My name wasn't on it.
1524,That's how deep I was.
1525,I was Ricky Rollins.
1526,Benito Aretas.
1527,"He's dead, Mike. He ain't after you."
1528,Not him.
1529,His wife.
1530,Isabel.
1531,I was her driver.
1532,We connected so... deep.
1533,We talked about everything.
1534,She showed me the whole game.
1535,"How to walk it, how to talk it,put clothes on it."
1536,She made Mike Lowrey.
1537,We fell in love.
1538,- Are you telling me the one time that you...?
1539,- Isabel Aretas.
1540,The one time.
1541,Takedown was coming.
1542,"DEA, ATF, everybody."
1543,And I was gonna ghostthe whole operation.
1544,Me and Isabel were gonna run awaywith each other.
1545,What made you change your mind?
1546,They call her <i>La Bruja.</i>
1547,The Witch.
1548,<i>She is into some dark shit.</i>
1549,<i>Santa Muerte.</i>
1550,That woman...was a stone-cold killer.
1551,<i>So I had to put the woman I love behind barsfor the rest of her life.</i>
1552,"Chose the badge, and I've beenchoosing it ever since."
1553,"Mike, you fucked a married witch?"
1554,"So all the shit I just said,and that was your takeaway?"
1555,"No, it's just a lot to digest."
1556,You think you know somebody and...
1557,"Hell, now it explainswhy you dress like a drug dealer."
1558,- So you wanna hear this shit or you don't?
1559,- Sorry.
1560,"But you don't know that's your son, Mike."
1561,You don't know who that witch was fucking.
1562,Benito Aretas couldn't have kids.
1563,"Isabel gave birth in prison,eight months after her arrest."
1564,He said that to me before
1565,I jumped from the chopper.
1566,<i>Me and Isabel made that up.</i>
1567,<i>It's not even real Spanish.
1568,It's some shit we said to each other.</i>
1569,"<i>It meant like,"
1570,"""We'll be together until we burn.""</i>"
1571,The traitor is coming.
1572,Get prepared.
1573,We will.
1574,Let's go!
1575,"- Nah, Mike."
1576,"- Marcus, he's the right age."
1577,<i>He's crazy like me. He's ruthless like me.
1578,He's fearless like me.</i>
1579,He's the fucked-up me.
1580,"No, Mike."
1581,You the fucked-up you.
1582,You jumping to conclusions.
1583,All right?
1584,Shit's gonna work itself out.
1585,You gotta trust that.
1586,Yeah...
1587,You're right.
1588,"Oh, man."
1589,"I love you, man."
1590,"I love you, man."
1591,- I gotta go. All right?
1592,- Mike.
1593,Mike.
1594,"Let me get past you there, sir."
1595,Sorry there. Excuse me.
1596,Excuse me.
1597,That's the right spotfor me right there.
1598,"Excuse me, sir."
1599,Seat right there.
1600,Let me get by you. Watch your toes.
1601,Watch your toes there.
1602,It's all right.
1603,There you go.
1604,"No, Marcus."
1605,"I'm not letting you go ona suicide mission alone, Mike."
1606,This is on me.
1607,I'm not letting anybody else get killeddealing with my shit.
1608,"Mike, she's a <i>bruja.</i>"
1609,She'll make your eyes meltinto your stupid-ass head.
1610,She'll make your dick fall off.
1611,I meant penis. You should be mindingyour own business anyway.
1612,"Marcus, please go home."
1613,We fly together. We die together.
1614,- What?
1615,"- Oh, no."
1616,That's just something we say.
1617,It's all good. It ain't...
1618,I can see how that goty'all a little...
1619,Where y'all from? Where you from?
1620,"So, what you gonna do when you see him?"
1621,You really gonna put your son behind bars?
1622,No. I'm gonna kill him.
1623,"Kill him? You really gonnakill your own son, Mike?"
1624,I'm gonna put himin a fucking bag.
1625,- You mind if we switch seats?
1626,"- Yeah, please."
1627,Excuse me.
1628,You realize you willgo to hell?
1629,"- I don't believe in hell, Marcus."
1630,"- Well, it believes in you."
1631,"I mean, killing your own son."
1632,"Brother, that's a darknessthat swallows you whole."
1633,"Well, maybe I already been swallowed."
1634,"I died, remember?"
1635,"I'm ending this shit, man."
1636,I should have knownhe was your son.
1637,"Because the wayhe whupped your ass, Mike."
1638,That was a ass-whupping straightfrom thy own loins.
1639,A supernatural ass-whupping.
1640,Can I be the godfather?
1641,"- You know what you can be, Marcus?"
1642,- What?
1643,Quiet.
1644,"- Oh, I should be quiet?"
1645,- Yeah.
1646,"All right, you just hada warlock baby with <i>La Bruja,</i>who's trying to kill your ass,probably mine too,sucking our blood and all of that shit,but I should be quiet."
1647,Yeah.
1648,"Yeah, okay, Mike."
1649,How you fuck a witchwithout a condom?
1650,"You wrap that shit up, man."
1651,"- Hey, my man. We need to change seats."
1652,- Yep. Okay.
1653,Mike <i>y</i> Marcus.
1654,This makes us even for Miami.
1655,"Yo, we hot."
1656,- You called them again.
1657,"- Hey, Rita called me."
1658,"- What's up, fellas?"
1659,- Hey.
1660,Hey. Hey.
1661,I feel better when they're here.
1662,"Yeah, me too."
1663,- Where'd you get all the toys?
1664,- DEA station in Cuernavaca.
1665,"We capture her,they take the credit."
1666,"Get ourselves killed,they've got nothing to do with it."
1667,All eyes on me.
1668,I'm the bait. We meet at Hidalgo Palace.
1669,It's an old hotel outside the city.
1670,I'll keep her talkingtill you guys spot the shooter.
1671,- What if she just shoots you?
1672,"- Nah, she's gonna wanna talk."
1673,We... have history.
1674,"Okay. Snatch and grab. We get them,and we're on a plane to the States by dawn."
1675,"Dorn, get a floor-plan satellite image."
1676,We'll have eyes on the outside and...on the inside.
1677,Hey. Nobody touches the shooter.
1678,He's mine.
1679,"Yes, he is."
1680,"You coloring a little bit outsidethe lines today, huh?"
1681,Don't die.
1682,You make sure we both come home.
1683,Still no identifiable threats.
1684,Monitoring all channels inside.
1685,"Jamming everything outside, in casethey're running countersurveillance."
1686,There's no way she's here alone.
1687,It's the cartel.
1688,She's gonna have serious backup.
1689,Marcus is moving towards the back.
1690,"Marcus, we're coveringyour position from the sky."
1691,Still nothing.
1692,Moving in closer.
1693,"Hola, Ricky."
1694,Or should I call you Mike?
1695,"Hola, Isabel."
1696,Not very thorough.
1697,There was a time when touching mewould have melted you.
1698,I'm gonna kill her myself.
1699,Keep it.
1700,Where is he?
1701,<i>This used to be our place.</i>
1702,I wanted you dead...but you survived.
1703,Perhaps I made you too strong.
1704,Or perhaps...
1705,Santa Muerte istelling us something.
1706,We were fatedto meet one more time.
1707,This is some real telenovela shit.
1708,I've taken care of that.
1709,Shit.
1710,I just lost all comms.
1711,- Fuck. AMMO?
1712,"- Marcus, come in."
1713,- Shit.
1714,- They're jamming us.
1715,- They know that we're here.
1716,- This is fucked.
1717,- I can't get back in.
1718,- Still got Baby Barry on an outside frequency.
1719,It's just us now.
1720,Why didn't you tell me
1721,I had a son?
1722,What would you have done?
1723,Taken care of him.
1724,Like you took care of me?
1725,It was gonna be a surprise.
1726,After we ran away.
1727,I'm seeing tactical movement. I've got
1728,20 to 30 threats forming a perimeter.
1729,We gotta go.
1730,- Alt points of entry?
1731,- Here.
1732,That cold airflow could bea laundry exhaust.
1733,How could you do this to our son?
1734,My son.
1735,Who does he think I am?
1736,Exactly who you are:
1737,"The coward, the traitor..."
1738,Don't do this.
1739,"Keep it moving, detective."
1740,You see that?
1741,Drop it.
1742,Let's go!
1743,What you gonna do?
1744,"No <i>""el suego.""</i>"
1745,"That means fire, right?"
1746,"No, no <i>""cate.""</i>"
1747,You and this man need to talk.
1748,- It's some life-changing shit.
1749,- Shut the fuck up.
1750,- Easy on the barrel! Easy! No. Mike.
1751,"- Marcus, relax."
1752,It's lack of communicationthat got this shit fucked up.
1753,"He needs to tell you something. You ain'tgonna like it, but you need to hear it."
1754,"Oh, shit!"
1755,"Yo, Mike, they're moving upto the chopper!"
1756,Marcus!
1757,- Put your glasses on!
1758,- What the hell was that?
1759,That was a bad throw!
1760,"Yo, Mike, careful!"
1761,- You were right about the glasses.
1762,- I been telling your ass that shit for years.
1763,"Shit, this is like HD!"
1764,Go! Go! Go!
1765,Contact! Twelve o'clock!
1766,"Go! Go, go, go!"
1767,"Hey, Isabel and the shooterwent up the stairs."
1768,Can you cover us?
1769,- Kelly! Flank right!
1770,- Copy!
1771,"- Rafe, pan left! Push!"
1772,- Copy that!
1773,"- Dorn, follow Rafe!"
1774,- Yup!
1775,"Hey, big man."
1776,I'm gonna need you to hurt some people.
1777,"I'll pay for the therapy, all right?"
1778,I'm gonna need it. Seriously.
1779,"Yeah, I got you."
1780,I'll hold the middle...
1781,- and you push hard for the stairs.
1782,- Push hard for the stairs.
1783,Yeah.
1784,"Hey. It's good shit, lieutenant."
1785,"You too, detective."
1786,You ain't such a dumbass after all.
1787,On me!
1788,Go!
1789,Transition!
1790,Go!
1791,Shit.
1792,- Shoot!
1793,- Take them both!
1794,"Right there, right there!"
1795,Where the hell they gettingall these helicopters?
1796,Mike!
1797,- Take out the pilot!
1798,- Take out the rotor!
1799,- What are you aiming at?!
1800,- The pilot!
1801,Aim at the rotor!
1802,If you shoot the pilot...
1803,Got him!
1804,"Oh, shit!"
1805,"Shit. You got a fucked-up family,"
1806,Mike.
1807,The building's coming down!
1808,We gotta move!
1809,Mike! Marcus!
1810,Shit.
1811,"On your knees, Isabel. Get down."
1812,Mike!
1813,Let that be a lessonto your witch ass.
1814,Armando...you're my son.
1815,You're my son.
1816,I don't wanna fight.
1817,Stay down.
1818,"I said, stay down."
1819,I didn't know.
1820,If I had known...
1821,"Mike, what are you doing?"
1822,I'm trying to penetrate his soul...with my heart.
1823,No.
1824,"No, Mike, no."
1825,I was going through something.
1826,Who are you?
1827,I told you.
1828,Liar.
1829,Last chance.
1830,Who are you?
1831,Ask your mother.
1832,Is it true what he says?
1833,It doesn't matter.
1834,He's nothing to you.
1835,"Hey, y'all seeall this <i>fuego?</i>"
1836,Can we take this shit outside?
1837,Who is he?
1838,- Tell him!
1839,"- Tell him, mama."
1840,Is he my father?
1841,Is he my father?!
1842,Yes.
1843,Kill him.
1844,"- No, no, wait, wait, wait..."
1845,- Shit.
1846,Lay down. Down. Down.
1847,"Oh, shit."
1848,"Mike, we gotta go."
1849,Mike! Gotta move! Now!
1850,Mike! We gotta go!
1851,Hold me! Hold me!
1852,"Oh, shit!"
1853,Mike! Don't let me go!
1854,"Don't let me go! Oh, shit!"
1855,Hold on. I got you.
1856,Mike! I can't get to you!
1857,I can't hold on.
1858,"Pull me up! Mike,"
1859,I don't wanna die this way!
1860,"Oh, Mike, I'm slipping."
1861,Come on!
1862,Hurry!
1863,I can feel my ass cooking!
1864,Come on.
1865,Let's go! We gotta move!
1866,"Gunshot wound, upper chest!"
1867,We need medical!
1868,- En route!
1869,- All right.
1870,"- It's okay, I got him."
1871,- Put him down.
1872,- We need a trauma dressing.
1873,- Right.
1874,Relax.
1875,"I can't promise youit's gonna be all good...after all the stuffyou've done, but..."
1876,I can promise you
1877,"I'm gonna be there, all right?"
1878,Hey.
1879,I'm your Uncle Marcus.
1880,But we'll talk about that later.
1881,"Yeah, yeah."
1882,"Yeah, yeah. Yeah."
1883,- Hey.
1884,- Hey.
1885,There we go.
1886,- All right.
1887,"- Oh, my God."
1888,You guys.
1889,- There it is.
1890,- Yes.
1891,- Now it's time to raise your glasses...
1892,- Yes.
1893,- to our new captain.
1894,- To our new captain.
1895,"- Hey, my mom says hey."
1896,- You're not gonna let me live that down.
1897,"Oh, and, guys,"
1898,I got some news for you.
1899,"I just started therapy,and my therapist thought it'd be super beneficialif maybe we could hit up a group sesh together."
1900,- It's super sick.
1901,"- Oh, for sure."
1902,- Definitely.
1903,"- Yeah, we will be there."
1904,"- Marcus, let me holler at you for a second."
1905,- Yeah.
1906,Let me think about it.
1907,- He want us to go to therapy.
1908,"- Yeah, I'm not going."
1909,I'm not going.
1910,"Hey, man, look...we don't say this kind of shitto each other, man, but just...thank you."
1911,"Mike, you don't have to thank me."
1912,"If you wanna retire,just know that I am notgonna try to stop you."
1913,You earned it.
1914,"And I will support you 100,no matter what."
1915,But you're forgetting one thing.
1916,We said for life.
1917,"For life, baby."
1918,- There's my nephew.
1919,- Yes.
1920,- Hey.
1921,- Little Marcus just woke up.
1922,"Okay, first things first."
1923,Little surprise for you.
1924,Three days at the Marion Springs Resort.
1925,"You know, kind of a little apologyfor the spa day I crashed."
1926,"Yes, a little quality time, baby."
1927,Quality time.
1928,"Yeah, baby, but Megan and"
1929,Reggie are on their honeymoon.
1930,I got the baby this weekend.
1931,Me and my AMMO squad.
1932,"You and Theresa go ahead, have fun."
1933,"You still got them blue pills, right?"
1934,I don't need no damn blue pills.
1935,- That's what you said about your glasses.
1936,"- That baby looks good on you, Mike."
1937,"- You do look good holding a baby, Mike."
1938,"- Yeah, you think?"
1939,I do.
1940,"You good, Mike?"
1941,"Let's go, team."
1942,- Yep.
1943,"- Wait, nothing..."
1944,"Wait, no. What you talking about?"
1945,"Nah, we said we were doing this together."
1946,"Oh, no, I have to work. I'll checkon you tomorrow. I'll bring wine."
1947,"- Rita, stop playing. Hey, no."
1948,- You'll need it.
1949,- Y'all all agreed that we were all gonna stay with the baby.
1950,"- Marcus, I'm gonna see you. I'll be in the car."
1951,- Just text my mom.
1952,"- Okay... Okay, that's not fun... No."
1953,"Okay. All right, all right."
1954,Hey.
1955,"<i>Bad boys, bad boys</i>"
1956,<i>Whatcha gonna do? Whatcha gonna dowhen we come for you?</i>
1957,"No. No, we not doing thatwith the next generation."
1958,"- You gotta sing it right, man."
1959,- All right.
1960,"<i>- Bad boys, bad boys"
1961,"- Bad boys, bad boys</i>"
1962,<i>- Whatcha gonna do?
1963,- Whatcha gonna do?</i>
1964,<i>- Whatcha gonna do when we come for you?
1965,- Whatcha gonna do when we come for you?</i>
1966,I'm gone.
1967,How you doing?
1968,I'm paying my debt.
1969,It's a big one.
1970,Opportunity may have presented itselffor you to pay down some of that debt.
1971,You interested?
1972,"Yeah, man."
1973,Would you fuck a witchwithout a condom?
1974,I would not.
1975,"He would not, Mike."
